address,tokenId,amount
0x7A83EB810dD71ea02f350836B91bb0DA7141E4D7,1,1
0x0DD697Fb1266E0a5e39Cf19Ec9ee5E8F3CcfDc59,2,1
0x3E024D5cb6BAFCE5c1f6C045939FFC9836be6b04,3,3
0x39c580605BE2d7554BCF0C1D3278a70fD04e8550,4,2
0x1709A8D81E536Fcd221cE59922A9820606b54D0f,5,2
0xa58F52eE7C9355c80308E172abAC3Ba62FE43C0b,6,10
0xd7809349c261ff3aD0A2B38f75834B447EF11563,7,8
0xc94ecA51cE23aB05dA508F946AC56C8492C85CdB,8,9
0x07C8868F814Db514F8246F075931C2f1d35561F7,9,5
0x02B4ca619E953918c71F13326b9Cfa3f4c7b6496,10,11
0x3A398d548691238140fEc0ecDE792fea6e0304d4,11,12
0x088AfA1F36430D6f3100eAfd1b833Be560C4AEaD,12,12
0x4B52B33EC102175c20B73DCC395F3b293D660526,13,13
0x1844Bcd5e335411d96198022BF65b191C32FcC2D,14,17
0x1B085BEB2Cf33cA784c6c53Baf65CC0e0974de39,15,22
0x4C575956f9db6772B2248411e1F6472CbcfBaB65,16,10
0xeB7f465efb8079D6ab741f37B40d453C14c6BFb6,17,23
0xA46D6f5E52897974e4157c0926988dD46F0e1A8a,18,12
0x6797c15a3710e2204629C5f003E7eE34B7C5b890,19,21
0xc0584A8868a160cDA10E0EAbaf66E10983C0CFa2,20,38
0xdAeA1D6682dBE19459Bfc6867dCe6Ece233c3f90,21,24
0xFb1F96e5BA24B730eeb131A3EfD6EfC3Ffac8951,22,7
0x1EF5FbbEbC22653129F57C23f63F409E14770231,23,34
0xEC62bd5A436502eb9C18eA3a423E7f116E566A6F,24,30
0xC879A3Cc0C730df66A0E786C1841986E97975582,25,27
0x58F43FB7A65b75a18BC04b7eFb9f050Bc3E90355,26,46
0xDABFE9B5ea8d11c734f170862156cc5B80036427,27,25
0xa418Bb26BD2cC4c1067D20cd128ffE9bb807d0cB,28,8
0x9981069B906a45CCA57eb34Fa0720f25f262E9D5,29,12
0x0b9593f8f80C9C9542971fa15c76A396Ee382733,30,1
0x99Ae226fB541Cb943dDb5fC4E8271B4f32bC64c7,31,8
0x3BfF6a1EFA5BbaeFD2da1Cb48B2eC94dFe2551D3,32,34
0x36feDcCfe2b84Dd5578a0f132c7a3e1b43Ed1aCc,33,22
0xb14A7543E423dE59BAA67eB15FBBbf0A372a0e0C,34,60
0x17FDc660d1082ecB4EA526C3Ab93d4f29f50a053,35,19
0x08cE2e15521C184A0677fE3D9d452978cf14a6BB,36,63
0xedb3fd9222A82428f4973ef1BE242e5dF9bd6DE2,37,2
0xEAe4A7727003049869aCD979a6810980c2B796c7,38,70
0xA54F55956b8d8aEB0Edc57211d8F835d24A3Fce4,39,37
0xeB753156cB6983543875643Bd18E33014D881DDe,40,24
0x5d385E5bA26249eA5180d75B9De7890717Fb361c,41,10
0xd5fDF9144d5aDbB925e163F06dcEbC2677e382b8,42,61
0x5B1e936710B826dC6A2db0305798E1421FB245BD,43,7
0xdE6256388f810283F3Cc0E4bDBa546b8883A160a,44,34
0x06018c9Af4294A9EB33AE4b3D2329445DEb99eE2,45,59
0x5f357C7b13e88619d5A1590f82D3f9c8Cc5334aF,46,76
0xaBc8f4078b5ADD5c566216F5AD45d50FabdB1744,47,40
0xE7c37e011F7ba605e5F8873957d6cd7B39d66915,48,37
0x4D06Fa0b8897c0700BdceeD3d22BA90f548541F4,49,16
0x74e660C119cfDDEC06e317014dFd32Fa11a73158,50,75
0xCa9a37ACc726f5488545342a4286E5674F9623a5,51,29
0x664e18CC8f5a9163CBA4BdC0E460bCE52AC9773d,52,64
0x62fa2A53a5Ae7104821618D1b84148Cd64A05a56,53,31
0x11CED8551D7112b5d78125E1F2e8f2a9bC3629AF,54,66
0x8D01E6747df9104DCDd424c8Ab97483764A05fd2,55,58
0xC13b1A19A94Fe2e44683FDF2517A973Ac847ABEb,56,101
0x75EC8f1B7b4A7a375Df0f4B7c82376390844B76e,57,113
0xf8D91d84A82DeaD9352Deb1608dF9Ff26C4fbb9b,58,7
0xB78E3611507272E8948881BeC8a50eE002A5d735,59,92
0x9946040f5697b337fEa087Fedd013045870f10db,60,43
0x2af1AFB8459FE7C9dEE7e212FA998bB24a21EC14,61,94
0x79478bC2A83DCC9aF5E97388d0B89ed3229Ca04F,62,51
0xDcF0869aFc630a4f069d7B11E0C6B89a1C9ed2C3,63,85
0xbc12383d49Ad1D6d7A3DACF303397cc92D133cf3,64,65
0x19506b7475954DB2d358B4d96d88dB3901B0078E,65,88
0x05AB22B96030fDEA1D4ced647F2F073A63faDf7F,66,53
0x956Aa7b6557bD1C8C190075849935874bc953A5B,67,80
0x25baDBAC5F6a93F4C81A8746E5a749a4e34C7708,68,105
0xb43fEa1Ff9Bb87dD4d9E7830e859a772B5b82F0C,69,82
0xBd5af242879C3E8eAf28b222B8a870eca7941D0f,70,10
0xeec898Ca791c222253b7D386FF1F85b9C902c4A3,71,108
0x8Ba99736C85B8F25477D0654912924CF8190d65F,72,41
0xeDEB28c57b00647879E57e4dc48C9C09275a3abF,73,21
0x247DdA23e98D2571B8f8839EDad0871B6717e71b,74,138
0xb50132F16F9A854c4eF45DeaA92A3813275D8804,75,135
0x2876C36Bc07e9d9Af2F4e959D75F9546817C785B,76,146
0x55D8592Cb5453b1a1091312ef7530A25E62A6Be1,77,35
0x9D4e959d1A9A368AA0eF122821Cb04a1E22D58E1,78,102
0xb10C83a212fe16Baa8915eBf6cCBa42bd0283666,79,8
0xe325B52Ec9f7AAA625a93d4E9f7CaFF8C0039333,80,34
0x0ed72c54C479B2b7C54dFf4Be6556e3fe2eAA4ef,81,58
0x1f32220deb34F9700833403CD3FC2989805D5bd1,82,73
0x66508dF9728b0fdf25321b228e2e3Ff0400aAfDE,83,153
0x81682DEdD708caD564D51a3fcd57Aa3dA62aa1Db,84,18
0xfca40f3ACb1D26867cf55D640A258dd139D47740,85,38
0x4d5C58CDa04D90E7C97953a3E462067c50440Ffe,86,123
0x32100A3F7dEE14d4A21893Ea9c58018DDB63115E,87,107
0x2599B8daBD2b8D7365A864f5c7484bC1d5C56740,88,84
0xaE5D0A31063cBD2Cb9a45123e1Ad640693E50453,89,47
0xc75B8e4399c19785a4AdD3A5BB602e9f66E51911,90,147
0xD72DFf0B51E74f6a7d4Db7BF19291F299a91462b,91,92
0x1089181F96a76714de8b9C59a229F0172615EF55,92,54
0xC0276C79877d4D75E5248444BeCa45757eAFeA7a,93,28
0x3E34847eC2c5f6697270162a6cBE1BBB9e187F73,94,133
0x861AbbaEcc83294E9962184ddE8F766dFcC7d047,95,5
0x6D960d687C0Fb541537c943EA45B8283Ed7a6A35,96,67
0xAEd1A479cA1952c5E898D1C9EA8a3d5202584DEE,97,111
0xBe9764b6E225ad5e5364Fa0fEc26E7C6e691040b,98,179
0x39125b577dA0E87F6b91C5f14D2F6cA2C1aA425C,99,196
0xf6381b281b2e64FAf1EF6367c3cA7Fc36d785534,100,71
0x9356E4C468368d70d586f7BFeF44801990345226,101,158
0x41F3C1dAE6447044030A7b118F6f1b25f5340c1D,102,91
0xdAFEc319Ff0F31F5bbe2431FC6c90A50fA776029,103,73
0x8Eb4180a31D054e4f98d188Db5a5765d0eFCB02f,104,87
0xA38262a816a7d09911efEdA6bB19F5786Ec9CE2f,105,112
0xF29aa6f4A4f1EbCA801dd2118dBf543F5E07a07c,106,161
0xF9Df9DE19190808e1b913e919677C9CD72BA21e5,107,126
0xeC7117D559Bd677F60c6d9360BD0261BBcc90A57,108,201
0x23bf403451ab5E58E9bf3D91AC88d105FA28ab78,109,29
0x7EFB2bDbCD5FeA6D112Ff3c9F301592b155FB950,110,177
0x54190D8f46c66141B4E11B76D44bDA5d8D8b66d4,111,132
0xB99839DCb08B2720C4c52F930f0B9Bb5Bf76594A,112,47
0x8fE70fd735a4FEc72A7d8B6387a7Dbab8d062374,113,80
0x0cBb00185aAFDA22908dc02B61E60388f40b3802,114,61
0x34a0ccf2ec54dB1e95b58a258D2Bc1D1469784fa,115,123
0x97958C7b21dbf029121060F88D89B0EF4D34769c,116,46
0xf58Ac3006be808CA3b1C470538e492216c5dbaEf,117,26
0x192fb99A071214011936d0E7f2d110C76ce21531,118,220
0x40F56640502F163529f9aD1022e0b2781c37675f,119,214
0x3426339c2B550C44dF90978982a79CC6f4e1f148,120,2
0xe511fB302FDf86284a62B6bE3a1c744864198B8e,121,58
0xC95D4E36B994D7B62d973F28D396CD30e3A0a6AF,122,58
0x9422B9ceF0f617FebB4BD3B2f3f45C0ec96Ae6A5,123,72
0x77b2956F479EFfE8406c057730A3BDC756bde7E6,124,244
0x2cE4eD4f1FBAb2323F834fA08A61c359E0b31368,125,168
0x6599abeFACAf2199816ecE1f146414D795659c70,126,112
0x0F99f9F8c5B9A937Ea9567C91e686737310216B9,127,153
0x19F9f9C52903EdF344E0bFFD2D3735163FA7Adb8,128,8
0x2fdb447E2C91693b21E94C85A087dce46356aEB5,129,179
0x4e7F018eafA92E1f15572930F70eCfd866bE4d6f,130,111
0xfcF0b1C3A3c7e1E8645356FE8D58599DC54E688b,131,222
0x0E00AfB6d749D87CA595D073cc1d191cCF09E7ac,132,228
0xc157979C9D14bfC83Bda0f0a8ce485b229F0eB4c,133,85
0x57e2dA13f0b9D2d507BA3D8f3679F54280708aBe,134,199
0xe2fa9C5fED5d5c8aaE09b9c18b420B84EB65e7B1,135,236
0x8343314840843609EfA0A9c76Cf1Ea30766E7363,136,34
0x210bA460Dd64263A13b3C40095E74409b4E0936A,137,6
0xD7869778D1623D4cDe39F7832F979aC427A74feA,138,7
0xc76D7BBD73a58BF57Ee662DBb7849a7E46C4c371,139,278
0x8A17D852caaecfa9b1eB6B6b175295EAD38F22CC,140,266
0x78bf579E5E3395ee7D378c326419Ef3280d1439D,141,239
0x4C30C3D2020add1F36C4029F816f0c4fe249E479,142,201
0x28B38904a3fbE343952358417De93cb05792eDa5,143,260
0x64BE531E296c05F33f699DB7F4402b70713480d0,144,200
0x75Eb4c928f4Fb3E298Be666A167213197EbdbA01,145,29
0x9c86EAab1611879F4552AaAAe4F685B7958128fa,146,136
0x7fDC580D79ab9A0Ec76191F95cc262D8A8Ba9E94,147,247
0xC04b0fa990747cE8c36F0B0A5e7BB1064f13f916,148,81
0xE00097965ffB4b03e36EB1300718D3e50261744d,149,51
0xE3C89F61B7b41D60FdCaa42E2701EcC4Babb0D97,150,276
0xaD5e2A41E327e9421FbCD7a0C412Fb97A08Cf871,151,7
0x33692CacFDf53b5D54F457043BeE87555467134b,152,87
0xc93cA8A80B01C3e041864212B1c12707f021C8a0,153,74
0x41Dce2dA8d5f893a83E15FA0DE0c483d26b5fEEA,154,18
0x66F78C91CeF8f521FbeBF4671DFBA57B8fa7853F,155,143
0x64D6A7fC3224582C491bf6e14C100C536DDB6827,156,84
0x56df6f961CbacEB3deC850445a4D2daA095C8EcE,157,2
0x1125448dcCCFF53e15733a361C55b8E7f31F28a2,158,60
0x215b6Db96bC313f626C6102998E391e44cb6eBa7,159,144
0x1DA4156C08a4FBf09AF86E6f4ef079c99BCf37B2,160,191
0xfF87c946a0b8BA36Ec675656512f2f6F944E7Af2,161,147
0x41dA0e505589283E66CD74a5f2E03eADf392ED46,162,68
0x5D3ca96e8C2Ea6DDA49E5724f35E1E28D1fe38A8,163,320
0xb44249EDB2B6bE527f348A73B6B769b55D7DB1be,164,72
0xE83DEf8738780aD513be8060a6e5FF1a52156cB5,165,273
0x323aaCcB8Ca73642c9a99fdD527b4f0481b8368B,166,301
0x41ce1b6201E3435F21c35cF7C81f125bAbc7E2f6,167,204
0xcE3A52C276657138324D05b9d8BBf06D744907F8,168,298
0xd1E1e84320dA5E3D3d3B3A22f77feb45B0F7039c,169,248
0x785a5a0d2c18502801E98D874fc59370e4F0f99A,170,213
0x42441DA55508b93bf4608760b3D69fC3786F630c,171,133
0x982605297c5d716596272123A6c17BFAa9A8C5Aa,172,225
0x270DEEDD4D9cA33Fb84ed8d8f2CCddE8eDdE1963,173,38
0x1C08A89399D34112F4163B4e415121a3d8E61B19,174,165
0x8131775AE4768c93116978d4c7024cc743BD2E3D,175,338
0x955b44F32f63F3e3991841894949BEFfadddE9D7,176,1
0xe760fbd6E6f3b67F38207483F3C8C006C94E2CB2,177,293
0x516b4D438AcA829E0681A4650aefaf75DAb0b9cf,178,217
0x9E880556ef735f497DFf7aC1ebD14679166214a3,179,148
0x9172Cf3f2dB858753c433D7c947672Cf37BCF8D7,180,358
0xe0d2058cdA9ad3b9Be7C0B4e636AD391b21Fda8a,181,118
0xcbB5969d7D10C0B622B10B5BFb677c3Da2d2a178,182,334
0x56814ff28e293eF0b231016673c1Fec9a5BB0935,183,89
0x959f4C5f1f5201ba8CF728B8FdBe94E75c0ef244,184,245
0x35b5E4D1146338A633fe16C46040C43e3Dc0D3D7,185,360
0x525BC0953cCa7Cc40B410609a31320dFA7875F9D,186,260
0xdAEc8d3B3513E569B37F4f17870F41303d0304C1,187,107
0xfbd6e18026Fe8A3aF8B33d8a1d3c8F958Dcf3f29,188,142
0x170662eD4372ba2A03fbAFEF86A0904FECd6D19d,189,260
0xD8b9348990f2c80318ec78fDD51B1fa4C7f47e93,190,155
0xCcFB63bA2496C0c2b5A63fBbE66007c1e9aafAac,191,364
0x124a41c094229a070B742B87AFc3F7D6d0B188c9,192,11
0x173c7BF16EaE603E55680Ba79e819097B2904edA,193,310
0x84B514f3E36C73377C1BBe55cf9fCb9674877f7B,194,12
0x7D5ad187a38751D22504512680e0fAb953618Ef3,195,158
0x84Ca414a6a530bcb6105930d095e41b4Cc6d1685,196,205
0xacE074A349C3317416359dCF9b771d79aB178614,197,366
0x65776d6d5CCb56944ef0a33D1626F3d2e13dDCbD,198,70
0x9cf830c7F4c2A59Ae233f49f2873098a16fd516f,199,27
0x1622517E39362070ff94d61f9836ecec4d70C91D,200,345
0x46eB51E137beA15F69BA14bF3E6539cd390B5209,201,250
0x2d95545A199A887d479a1addA9DCf794090e803D,202,39
0x4e69ffdb35d9F8954047505a46c97591B957EF12,203,212
0x66B86e3D75036F544D5D68B9a7069CA3dd127993,204,151
0x8660366B8d79B995858F7Fb8B27016F5C36F24D5,205,270
0x2185bBDB43509afdF5BDAecA8A0318dcb91F5238,206,356
0x04ba620fD4580504838030762dcB7A16a55aCAF8,207,374
0xe56500717fFb93639ec460B5A3045FC34513C16e,208,109
0xb6cD8D99FC79c5B879F3f94D80B69e00BAFbE4bb,209,203
0x0E5438741df2E6522e448DF2754C52027a71c8B3,210,6
0xf6235734a41604a116a021b5fe3A63bbdEBAECae,211,195
0x0A0F35Bd8F19F7dE2123a9141575619B6Ac200E7,212,194
0x73502eDfeBd3bCa44f1d90490F23AB9067Be9777,213,293
0xBbDd57B4260020fF87d7371F37C5Ed6E651F3DE5,214,344
0xF85B9859C1Fc4499EAFa9e10d1C2936527cC7777,215,410
0xf23B74FcFF49E16F599926553C69397e3c5dA7ee,216,221
0x273FcDbB6961a90FA0Ef69Bf9d05E033018Fb363,217,392
0xF92B883257B6BdFB1873b9A9D1E4D34D4C2B84d9,218,356
0x824245CA42a970d0965c16c0360cdCc77fC9991a,219,149
0xC2Ce08A90985a5399e10d640AfB6013Ab380a37F,220,132
0x0C91BCc3099F82801Cd00d917bD2e686240E3E26,221,115
0xe47F8862Dfa8CD6156624A83e322535d42ee16F8,222,316
0x48594E1CcC89a3574AE5c2380AD68B04162C0937,223,340
0x84eEF0B867559115ea65a050a9CFFB10e557C6E9,224,283
0xbd7aC8e2A10cA040b872f76540fd40C3808dBCb6,225,238
0x78748Ad34f757306Ec329D3f79e8E2080fB53f10,226,288
0xCab5a52Cef7d65271c2327037782ABa3729C3c28,227,439
0x46CE681109746aa83AC26Ca4086840a8BB70b3B7,228,13
0xf76F0824a59E8226B57c8b66cB4E2400F4dED6e4,229,17
0x685865AbEF34d249b5b76155c6A64295A8eDdCbc,230,455
0x99458Ae0e6Ca8476109e13AF31Bbfef0B3218CcC,231,116
0x3A2898b5dbF64Fe6aD1B4B25B3BFC909F59A442E,232,120
0xb1181E58f4323b03C0dC2Cf302b70e7F8a086541,233,210
0x7182f6887FFf5685bbB0e37ac94f27028d870052,234,357
0xC32CF9d73487700FE3440889A44F5EB968fBf52a,235,287
0xCf10941a50AaeF15D796d5cb27E6332FD20bb675,236,418
0xe7dB8A5255678CB5BFB860D6Fe11498439Bc830c,237,89
0x56C3AF1150CDD59c8f67394d7bef328D507f52B3,238,344
0xb023B8279aae971C0F02bD6C1122fd0EAa644ef2,239,193
0xb42b003712A2c660e0b9Eb6DcCdaE04ceCED549f,240,80
0x12B14fE5Bfd17fFc801af7799435e5cEBd12A26E,241,63
0x9D1C49eDBb8dc546FdeFE453766F8C0f4E1f832d,242,365
0xFa9138AE990b324285c22642557355a46484F446,243,26
0x853E289B85e6dc0416f8Eb1B4eC388BB59f64Cf4,244,196
0xF14d260A23C604eaEB543D9dE6c2c736593ABEc6,245,102
0x0e413ab53a724586006C7f5a5507E54BbD9326E1,246,191
0x1e7f8566FEc17f7a41228b034673136201564f07,247,132
0xFc48c8eeeEc555296a8ef53F3Ec01Cb18Fb0EA30,248,440
0xae79a8a3a7453920c92dD755C6619C5dD8AC1898,249,157
0x0a3D60e0EaFc5bA917E0751Bb438cc94b0e2eac3,250,68
0xDfBbB770549aeFEB109C1Be39d5A3eae35A25c86,251,354
0x7809623d7633aCF9c395dd6b2C9BE74643c93cE9,252,266
0x9833A8CB09C2697354C2595aEc84D540C77e1E87,253,125
0x036eFd9A9E14E8E34F4b361B64E731B47004EaE3,254,467
0xE0708354782808fAF5835eF41840bE314aE0A279,255,398
0xC961E01928F4bd0e2000381d2f5F338BAe2bce55,256,118
0x9e5841C1A23c166fF7Dc0D556aEB20715b0687bF,257,281
0xc81cAfB4b8FC6A9dEF5297d3Af2C917046bBFD76,258,47
0x11423E9c17852990c6c2F1dFb15CC6d79145Da48,259,13
0x16787fda82B647492892DfcBf690690438f614B6,260,456
0xeEfe3647c1B1eDAB681Cd4B5AE27e7e622249E9D,261,250
0x81B7e40B6186e032Ecf588584046af78390E0787,262,237
0xDAc20C60E00a68c848C3f8458d1B4500F662bD04,263,179
0xEbADb02F670606687aE6C7d46f439a87607aF46b,264,355
0x58462D358a978Ca50683a44aACa7Ff8F0156Cf53,265,275
0xf878c87211a4c31D0689af50150ab7E415C9583C,266,302
0x184c7365F69beEb1AE540abe7CA2aAe9Ff96d6B7,267,492
0x995ba1f9a2B26ad426139Db204378f7C0548f192,268,61
0xb0440348ab323aBA3AD5A7Eb5674d9586Cc2228e,269,43
0x03bC65e7162F2dE5bF809088DA7Fb5582C4f05A8,270,318
0x2c7edc7Fa3c98b0c4c4374CAF0896716c4B30cBF,271,137
0xFC271D314Ad3899237a831C69ecCdC02e2046902,272,207
0x3841F2fa5F03C7bf496B49c153a7125fB8CA30c3,273,454
0x9402Bb08269fbD1033f006215Ac494b5FD25E140,274,53
0xf6e64E3343F3f72524cf3F3901041f928Ab33185,275,63
0xd91D3C4788613C63B800993739545aC8182A6122,276,483
0x310AABDA727d46Babb417b484aF4703372dD8F6F,277,495
0x2f048b53d44029d346cEC0684EAfd0a3F0D75F74,278,468
0xc0f265af66F3D17513F6F2aC0D7c6C7Af1D5fB76,279,457
0x7174C143b6f4E47dDEb370e7CF987E2b07ce9800,280,177
0x634e14D1c218CA67CB659195ebda6557A97cf4A9,281,265
0x4d1Da4E146ec11fA1eaC7E5E1d9cE07a76143418,282,50
0x953ED4575560102847f1309588285C0087F195be,283,370
0x2ca026E79954F250F8Aa26120eeE1F986bB74Be3,284,440
0xe6F38519C5E2b92d541fB6c2aF868fd6518c1dac,285,63
0x6f5A29122D0DCb8a9564519aC14DABE3EC914143,286,201
0xA1827398e32b7eA6Ad17E02F740Bd5941c28614e,287,401
0x2B69FE536d4aC171A98e9d16a72Ddc4177A760ab,288,506
0xC939296b8339aE152D189D3DE4786d8fB3606bcd,289,491
0x69BaE2B17B55699E0136a48056AC374a4570aB14,290,285
0x2455B67EA9E786EbB66EaCF802C896E135CE7626,291,106
0x56449322decf749342Dc36BACE0A0bb86B76D8b4,292,283
0x5b019cB8A42F0Ed97bA0E2adfe73ccD4d8EBD7B1,293,174
0xa430bD87045A2f922F9dba79b7B1fbD71b63648c,294,16
0x6Ec343E1d9e798c358b145BaB54AF7E51940Fe2A,295,427
0x8f3fE0f3f55912E7c6EB135187DF15f565898251,296,223
0x9B4482E3E7Eac7191a2a0d56CfEb23bDa4563F34,297,41
0xe72B1C7Da88b53c16055d6A2eaFd243f290de0AD,298,407
0xb0ccE94ff03b3f5B51476BdC71ea1604504de2C1,299,7
0x53FCD6a61D6f5F94cC60ea358f41A056cBb48654,300,54
0xC2A424688B3D1077b0a5084988F0D1BdFe60b228,301,566
0x9A00ac68F902ab4519fD90bd5145b58a7B3B858B,302,395
0x032BCD3177262F175F6d250D62d7866629921da1,303,113
0x17dFAf5a9B6A8246F9E5bEE70B865c556E2B7302,304,324
0xec2eFAdd2AA61feF5715ae5958B6AC2eFf306584,305,378
0xe8380e37f59B9B1948C06f105E8FA451308A3383,306,416
0xa7b963833a6C07365b22cCf3597c6b942598856D,307,362
0x607083AB06078F3ea8bADeca05a95AE06Ac5948F,308,70
0x6EBb0Cdc1631A20aD0eDee43ae4eb5D7fE1F8329,309,108
0x30b21f5f357d28E66f9D289EDE9a1f593beC281c,310,620
0x93A998f0Db70f44A3334201f868E438a4B34E06C,311,315
0x86A6265871EC0Bb2A7c25cC8FE00099f5201fd6A,312,548
0x974564648dD107A9abB40919F80DBeDC909DfB9C,313,234
0xa8f42d0Bc566f5447929aB291935115cFc74e3e5,314,67
0x9E77b3504dE5420A4e17ca1a0D1050dCF958f653,315,605
0x852f41f3ca9f1757b8a555ac0CB3D8620463E5fb,316,55
0x3d1a21d45586761cfbf59cbcc28C8b1E1D17dCAE,317,47
0x556a2243788FCe1a3d2fEe75b203Da7D8aADaDbf,318,255
0xb752F2B76D10169a48278d5a410a1569921A5d94,319,532
0xbE7BBe6F805B2D28CD76Ca02a84719ef854121fb,320,344
0xc9663F300691CD974C96aA9275A544976a4233fB,321,74
0xeb63A7cb08D1F32A46AC8A293BCBe7C6F8b580c1,322,362
0x396B8834ec629586547ac5226965a4bE13DeF1d1,323,2
0x483819DBe1788978e8B0502cf16e8a771f61F80e,324,361
0x31F2f2aCBEBD120Fa6952B379891d4466Aa93d93,325,417
0xc1E9DeB43452b3655dfe6557ee65106D2812DcD5,326,615
0xa138f3b955da10297BfE67db0134EFfE4C2C0E2E,327,20
0x25CCd9277B309980de2DD648d4B79804Bae475A1,328,86
0xEA7f747B69Eba62f6A56b0895Adf04a04C7b0D73,329,10
0x0Ecf286fcfe344c4FdA7cc5b98372Bfae4d168b3,330,130
0xa8ADB7A6B2D389ae85892AD6E852Dd52898a3332,331,142
0xe53c25Fd4f01C43b5aE58684979a1f78c7d6BeeF,332,550
0x70974a4e67A83B45688deC04af9F598CCd449AF6,333,506
0xC823C0B0ec65C95D335a8b11464e98EC435a1F64,334,241
0x19701349d9D1A111D3E94453e4Df9F7fD13eD9fB,335,322
0xabd59Faf28D1DE7cc2B02F36C902759DaaB9Ee1E,336,376
0x2CEB6330f390Ee81C5dA7a1dDCB598d49b7A185a,337,604
0x840DBb4E8acB546F579FD9f77CfEC72ee62Ba969,338,379
0xF6cCa0f111fFA3E1e408efbEFA52497EC12Fa743,339,292
0x94eC6Ac5dEaCde8242A1FB2b1DeBAf7cAc2Ab5C5,340,602
0x33CE0F093BE274914C91b2593B26ff2f6A230C69,341,256
0x97Bd1b0Ffd8C23934CBC75213E221aa921Ac0573,342,640
0x65D05111821C6c52c6d3B233656F53D09C47Bf1b,343,602
0x960a7f4e735B02788046DD74ff800d52a552b489,344,19
0x9Bafb9fFa86D40D1dc2C27f8e54959838f17e67D,345,503
0x5Ff55ecAf324Fe56fd89781Af9AA2091CbCBE9FA,346,284
0xc45B06c23dE93987e82FA70a23078A2657E4F3c8,347,316
0x9971869a7b7C059A773Edd2ef5d731BF85EB58b2,348,201
0x62271AA7CF90b5d4BFb8eD760B05d7208C0F8A0e,349,392
0x3ed6630bF50cFc805FCB946AE08BA1D3a9900108,350,498
0x08f92548FC4153267c83643B66C4c587F9EF1540,351,274
0xA941135001887E714675ef642488f55F0617C32d,352,462
0x9dF44542939e5156Ab7e2aE5E76Fa78c77Ef1d4c,353,228
0xf9109Bae7bea71B1f9561C4d913c61D45b879BB9,354,127
0xF92fAabFd40D0d9C994A5C64f3009DB0b9A4231A,355,114
0x7aF4b05269D14b1fDD31f77c6c9b34fc32F3b097,356,14
0x8cBF4e93f5d143187B1302a0eF7D21Ea27C0eF2E,357,65
0x37250ca6fD2D26f6dd1F7412E4a6606aA018acCC,358,670
0x4a33272008f9BBc4EAc32Ff145cc3727A03e0CB9,359,26
0x9A51B4D87546A1905f521f25f443D80C1fDc89F7,360,184
0x46eBa6F9eC21E06a7E9A1269B3Cd1FF3Ca7A1B4F,361,470
0x97B7Ca92f9C7a629023c1B5027d6A876d1C0d7ef,362,717
0x11AE3A6159de1df6915FA959fA7a3dc8a7C446e3,363,125
0x3b2fB49351BF70904A0960Ec8a307D880000F4da,364,486
0xc78F39d987dcc834aff35630C4915660F3688e24,365,296
0xbEFDc2e5D617Ec862dAAeCA0150523FE19f6B42a,366,102
0x6eCF855Ab5228901337dA7455abA86b0291d5b5B,367,406
0xCE7498eB939334078669B400dbdF6EF19206Fdd3,368,356
0x1Bc447953F9C765eb922C8A251C15d986272218e,369,111
0xD12708E6c15218Cd3B81A270335298F350157450,370,62
0xe73F100cba4533eDb8c4E266Fb46933CcDad97F6,371,514
0xF3cb3DE4dE57fB79Ce19F16aa556278477503dBA,372,63
0x16546118bc9a8bB29513c90794071274e09Fd9F4,373,541
0x4c1C23B309Ad3fAD42901842033E901745eE7ff5,374,624
0x5cD08c00c73e928b93CeC5D658878f4850Ca5c12,375,123
0x962FDceE4AeA9d1A1c1f6aFbc2C08B4cA18216A1,376,55
0x50E16E638818aeA8d14847d90C28d436ADcD5Fd1,377,500
0x451C93F2600C8D9b80de823eF75E9313f754AD04,378,207
0xce0930f149580035863B50D7360E4E3027b56A92,379,445
0xcFB7b0f48803acE38C6aB68BAFAb96b482BB00c3,380,42
0x871Ab12c4476E604188C04fbbF1190Bf2FB6a87d,381,565
0x1Cc0DE23f04d817F759936Dd17BD8aFF48B7Bb0a,382,733
0x22c80C6C5d6843F766D242297d361157d26E6CaB,383,689
0x1EBaCAC41Caa9057a62bedCD140d0d237dd812f7,384,569
0xEF40BEA67a709ec225f725Adc10d10fF0c6f4f49,385,150
0xABa29f2f0D2754444F79Eb4bE6D5806af8EC36EB,386,706
0x3eBbb1d09622fb40c734baD11ceB03dE30CbA4F3,387,663
0xDC56Ade03c34572BB85311B58168FCe37FaE6f44,388,684
0xe6afD45eEcC22808BC56ef925293248aD3C70934,389,533
0xfcA84975C663e72E93326437833B9c4C19047f4b,390,97
0xcf94B7f2BFAE0C45babB23E912FA0Aab2Da6C6FB,391,752
0x243101c6fEB79fC0954946cf0d77D0457ef32d62,392,529
0x035A2a57eB220285dFADa244b30f5aB6C9Fe9872,393,485
0x622f94f8E476699122f91F52CAfFC38F02162CEB,394,268
0x797c034FA619D6919c6692D64946A7cED220f1f9,395,415
0x18D3E2fc81D338B9e03f597C2d3C08208857e536,396,631
0xcC831ebbB6C1eC8D9475d8bf9bFAdA6E91742EFD,397,264
0xb19e29570D91802B26b3B7309554759B5895634A,398,678
0xEEc971099563dD3E2c95D4Bb60C00d0F6F9ECD51,399,265
0xB68ae23875C21aefde8d823122E75a84AB5D42D0,400,692
0x737b7795e58B9950D2A786954d0631a38e7cc450,401,164
0xE75BE0a34b2a646EAA911ff22A9a9A4462fFec0E,402,124
0xFDCC5C156B617B1ec9199F4c4A9d5B23AD92CE5A,403,415
0x624ff940D2e563981FfbF9003e63da41738a59eA,404,220
0x8749B81EceF84A580bfe850b895B5A33b08717e4,405,427
0x22775379520DF7d2d700FE85ed0D7f1E919586DC,406,708
0x5a62c7C4ced1Df5b0D6970C19454a0c90A55eec4,407,223
0x395cF4582d2Fe5e3F6076BC4bE63faaEe537976f,408,776
0x06ADb9e8B73Febbd7edB9aa83B6237785A548514,409,699
0x9DeF2a335029651398e4Dd3acc2472F2ea547Add,410,233
0x3c74080f3e2c17e8A32958a9EF699524Ea44A26b,411,335
0x7BAd75c9A496C92C325A64A4CB2feC1e4c459BDa,412,334
0x1Faa0A95801A548ab9cB1c3D519fE059C7E1d6C6,413,309
0x7811870c65a1aAd56b0468D90c6f82f989A6415C,414,231
0xeEE7064d3eb0B3B58A322620a2596b9B400Ba162,415,440
0x3C3386Cf578B8cDA6fa28bBE0E0919A9CfBdd6d2,416,332
0xd03A1E6BB6cAF34975937121198C116c0254f247,417,433
0x23DbbC7373dD07F070eF2f89cD24FA7FfeDB58A5,418,172
0x786E42E040fbe71313895cD0e749e10Bd79f1879,419,674
0x4f6a67f3f1f1D72C3F5609D2250fb6e983FBd259,420,11
0x05db1c6aD133fBD2473Ce66C7168B856eB2288c6,421,803
0xA3E4402A145B49a938c8020BeA873815256Cc790,422,503
0x977bD6bDc269d27155C7E4c99cD08535c3804C49,423,697
0x284F2e3eA56386CF7F4d473E54ce28A5Bf9ACDea,424,94
0x258e950137F4A9ecC774c211DC8c03176CEEF295,425,421
0x9EcC269720bd2eA23B0eb5e9A0aE0339B76AA535,426,351
0x4aad47ee3b4Ac66B40DfDD844E3229686Ae0F753,427,282
0x79D934BF4f9a123059e6e738c321733180811E54,428,74
0x25B8CE288479FB7Baa13da12E189cD0DA451dbCf,429,809
0x292009075b35Fa6f71055AA934Dd32E3acE69568,430,594
0xd17672627aF004C4E588e55Da1099a9b3fA9ABbF,431,766
0x3262694829Cc4a5Edc0f55C40E131c255e93F6BA,432,660
0x7b3Db36FA2201506846c53fC7EaE739B2CE10878,433,332
0xf428dfb999DefbAbbaD4b5f21ecf08d5aE8523E4,434,862
0xAB8bCbFcfFE4d52A648227d09eA9780A1CCfdcb3,435,434
0xD526e0e8E8a6d49379086fB526D2Cece9f4Fadb4,436,515
0xB1668bf4a0800acae1E41764dB47C917101Bf53F,437,826
0x863cf7b4Fd93Aa140121608C42EDEdCFebE5388F,438,856
0x251264E638f07B5BB348a545358D5E1ABa1d7287,439,753
0xc117857EDC2f14Daeb230bff1684caE8d3f3C36E,440,302
0x6e627C8114E70fbc9C06E03Ed422b8EA034eAaB6,441,473
0xB53B9ed72409270156dde229875EE0e806BAEd06,442,341
0x177F5c1845B196acC62ef80B4cAC3E5093016386,443,780
0x37e5345b8fdd7ba862353f38E8029CD13E35aDa1,444,254
0x835eAa2AC43484Ee810e7Af25AB0197F58eb2bee,445,870
0xB8C94E2D12aF7ac4b683972dcC43aE5f2B43b495,446,701
0x758718E8Ab55e96711D44916e6df4e44bcc28eB1,447,556
0x3c345d7bEEB2fcE86Bb043AAA4be15497dCf0054,448,499
0xae4a488aE446492CdfE17d15eF3bcc451140D654,449,563
0x0b1861A648Cac27e25128DD541Fe1634366a8030,450,297
0x6b5C89A0115ff149206116318A776bb436A7E0a4,451,89
0x931c8fdEB84c9A4B1643f0B013441C9Dd72d9380,452,423
0x9C0c985270928b0f68c8c6ed5f62eBC9000c6138,453,208
0xE75d31e01CFd22d943E820E49D5eA4419CEADF37,454,694
0x33dCE9258bD0879b0676D5029A5257E2127aDfeC,455,275
0x058E54f72f6FF1f445d489725b4CCfAcBC0E1043,456,327
0xbDcA137123d5893107D8CC7Cd986666475C6E59c,457,530
0x0343f44242524B4aD2E410b719199A246B02C0FC,458,703
0x27921C995c73fCf395A793ce8590F5e9f7e112D0,459,448
0x935b48d4fF459169A310ba542C925cD3aed5f573,460,903
0xA11f0614c02110D09e8959c5bDBE9610acb78040,461,818
0xda8cB9A1b4f4E9705a6c861668e1d8Cb3DDc832B,462,286
0x0D7b0cD77eaD98FcdB7AFa3E84a20Bee312731e7,463,89
0x64333736D0848687222601Aa5C98E13c87E27591,464,596
0x87664783908D41F618CE3578702f929bf2198f02,465,91
0x057846fA580065AeF9d32ba220c61f0dC6C8fC4D,466,669
0x42b72F750D605B0c9b1cdA4B71a86865edfF78bb,467,95
0xB55c14998c8c6415B3dC7A2f0F63616578a90dD3,468,615
0xfbE8A74dD28316127B0d8881878D5D1dee6480Aa,469,628
0xF355da01Cc5788c4ea5eEd78870e24c5b47B002e,470,474
0xB647Aa3A4E33caa5D4f821B62Fefe1a389144B23,471,164
0x927662174DaE752a4AbCaC710aEaE50ffD9944Cd,472,287
0x042D0778Ef24ed8aE6CdeD0843F3BFD446cd8F6f,473,204
0xc6e2E884F79f94CaD68d2c99B94E01B16d52989D,474,852
0xE3784dfc000Cb92ff4d3D025d9807dE2DE1FE65E,475,475
0x4704498eDcbC396f48742094c48D931AD249fAF2,476,249
0xCF383E0Ee0d55DA78397a5c726ba0E2fe53F04dC,477,285
0x7cf46049bf1FDE2bf01e3902D7d22d7476626eAf,478,543
0x8fD3D9dBaD9D74b6C4D6F9DaEf952035F42E3F19,479,501
0x3ed3bcDa3EE35Ab551dfC9704CCCf8e1D4055ea3,480,772
0xbCd1f1619dA68B1b6121A209D06a05CD2A3fc4a9,481,821
0xA7dab6A715351F155Af2902d5e59612A352a82c5,482,130
0x5461B5d1fc19F7b79596CbEbBeEeD1A7947f3Ce4,483,607
0xc134bf4f5f2D9C14D4DA3781a4532b1a7E8c9144,484,562
0x0895690B45E89A073c5Ea4dbF4Dfd5F7114DD574,485,418
0xDe11f083843b3976eEa4806e796e724B3ac7F6Fd,486,75
0xD6Bc5fEcA8c2374DcA9B9a82C901909C44299117,487,445
0xae031E24CaAEF2244d12e159cfDd324eF8dd046d,488,316
0x3d80F99B52Ec0C8CFf9CDBD06F79Fd57F62D2251,489,183
0x6Bd8648714183269cf49719107950B9107E4986b,490,935
0xB664CE26aBB7E2Aa4E95A6e1ce1b0E6730417e5e,491,714
0x7B48224c7Cf842530Ac0260aFE348DFDf3356357,492,672
0x9b6CbEcA8F6c2e77bE5DC1F87be7aB981A74eb3c,493,383
0x1EE4dbF4086BfC5153cAA50CcBE03Dba3fCA370C,494,645
0x58999A486FeF5Fd407399A996c1473B63BF6bf1F,495,373
0x770Bb876055342270F86F76dA64E57c793447842,496,933
0xDe129481Af2443b444f70ba1E9061Ad1E9D0F52c,497,514
0x45Bd2f39cAe8874c136401592b92118E9d6adb3e,498,582
0xd6CF6DE828a9c494Ce16017c5C3b8F7D5d31067a,499,715
0xf75341eb189fC7a246a2718b836Ec9FfC5B96df5,500,493
